Page Title,Average response time(seconds)
Caffeine,1710
John Abraham (actor),3413
John Krasinski,1685
Maisie Williams,2
Inferno (Dante),5
Queens of the Stone Age,14142
Paul Wesley,46761
Demographics of France,4
Roman Empire,977.1428571
Brock Osweiler,183
Falklands War,94348
Marcus Mariota,523
Bridge of Spies (film),64299
American Horror Story: Hotel,1711
Lockheed Martin F-35 Lightning II,1617
List of Islamist terrorist attacks,296
James Earl Jones,5
Jonah Hill,4104
United States Congress,41.5
Dakota Fanning,3331
Colosseum,4.5
Edward Snowden,120
Agoraphobia,5
Jack Dorsey,29.33333333
Chicago Med,798
Minions (film),140.5
Hillary Clinton,135
Paula Abdul,150.5
Jenna Coleman,312.6666667
Wonder Woman,14
Jabberwocky,10134
2015 United Nations Climate Change Conference,1414.5
Meningitis,210
Nikki Reed,2275
Dave Grohl,104
The Good Wife (season 7),59871
Sidharth Malhotra,85
Dana White,133
Elizabeth Hurley,7413
List of most viewed YouTube videos,10409.5
Pia Mia,45.66666667
Rex Ryan,3906.333333
Ohio,1870
Black Mass (film),5682
List of 2015 albums,17
Bronchitis,1925
Epinephrine,593.6
Penicillin,2767
Leicester City F.C.,801.6666667
Scream Queens (2015 TV series),156.8571429
Google Chrome,85
Bajirao Mastani (film),8181.4
Maleficent (film),5861
Pompeii,6600.4
House (TV series),3543
Herbert Hoover,133
Jordan Belfort,437.3333333
The Seven Deadly Sins (manga),28530.5
Rudhramadevi (film),3417.5
Tyler Breeze,13437.66667
Deadpool (film),2
Empire State Building,3
Intelligence quotient,1236
Mount Rushmore,1102.5
Rama,16647
Modern Family (season 7),2
Louis C.K.,842
Hero (2015 Hindi film),1333
Malala Yousafzai,199.6
Emma Stone,2177
Queen Latifah,796
Demographics of India,3568
Friedrich Nietzsche,92.5
Jennifer Love Hewitt,203
2015 Bamako hotel attack,272.6666667
Stephen Amell,3
2015 Indian Super League season,3
Iron Man 3,389.5
Sophia Bush,3315
JavaScript,7
Tom Selleck,97
Aziz Ansari,2757
Plus-minus sign,5865
Marxism,8
Jesus,292
Divergent (film),16845
Telegram (software),6159.5
Smartphone,1591.8
Hedy Lamarr,126.6666667
List of ongoing armed conflicts,13
Poverty,27.66666667
Atom,1335.857143
MasterChef Australia (series 7),936.5
Eritrea,1853
Swami Vivekananda,55
Katey Sagal,4
Ban Ki-moon,164
List of Star Wars Rebels episodes,24934
Normal distribution,12
Glenn Rhee,2
World War III,256.1
Iron Man,131.5
List of Mortal Kombat characters,158
Flag of Syria,19474
Tamasha (film),11861
Iraq War,74.6
One Last Time (Ariana Grande song),3595
Malaysia Airlines Flight 370,580
Robbie Brady,109.8333333
IEEE 802.11,892.5
Barbra Streisand,25.5
Oman,2609.75
Lost (TV series),33015
List of Tamil films of 2015,83799
Titanic (1997 film),21827
Tina Turner,481.3333333
Cooper Manning,4689
White blood cell,16260
Jamie Dornan,1938.2
Avril Lavigne,210
India,1975.5
Agriculture,316.5
Frida Kahlo,137.75
Ruby Rose,2295.5
Mongolia,48
Flicker (American Horror Story),446
The Matrix,647
Thani Oruvan,973
David Hasselhoff,899
Black Friday (shopping),484.875
Beslan school siege,11959
Sasha Grey,9
New Zealand national rugby union team,643
Sikhism,2377
Joule,3972
Glucose,1780.857143
Napoleon,20056
The Vampire Diaries,355.6666667
Swachh Bharat Abhiyan,1650
Ottoman Empire,643.5
Native Americans in the United States,3757
Kourtney Kardashian,34
List of Telugu films of 2015,24532.5
Ivanka Trump,2
Cellular respiration,2492
Carly Fiorina,751.6666667
Islamic State of Iraq,59.25
Calculator,5002
United States Armed Forces,6431
The Dressmaker (2015 film),1282
Uganda,3
University of Oxford,15
Autonomous sensory meridian response,1
Commonwealth of Nations,75
Lea Michele,9
Stanford University,10
Lily Rabe,199
Brendan Schaub,3877
"Catherine, Duchess of Cambridge",12
Website,213
Brothers (2015 film),1498
La Liga,5777
V for Vendetta,42855.5
F. Scott Fitzgerald,661
Jaimie Alexander,24237
Charles Manson,1353.75
Pancreas,713
David Bowie,200.6666667
BBC,26
Face the Raven,32
Millennials,12
List of moments of inertia,1
"Democratic Party presidential candidates, 2016",15
Pharrell Williams,1276
The Big Short (film),38
Halsey (singer),25162
Carlos Slim,105
The Peanuts Movie,5182.857143
Adele,3568
Michael Owen,45
Bashar al-Assad,67.33333333
Carl Weathers,19
List of awareness ribbons,6
Bee Gees,20159
Dyslexia,1481
2015 in video gaming,4361.5
Democratic Republic of the Congo,353
Saint Petersburg,948
Abu Azrael,70
Dragon Ball Z,168.6
Internet of Things,26362.5
Polycystic ovary syndrome,14844
Kristen Bell,354.75
ABCD 2,11388
Mahdi,3
Charles Haley,2
Ashok Singhal,2388.285714
That '70s Show,10605
Cloud computing,452
System of a Down,4100.5
Tom Brady,968.3333333
Larry Fitzgerald,523
John Lennon,9599.5
Uriah Hall,2
River Phoenix,25212.75
XVideos,212
Rowan Atkinson,181.875
Tim Burton,59.5
Romani people,111
Snow White and the Huntsman,2812
T. J. Yates,255.5
Shaandaar,18732.5
Wally West,4
Javier Bardem,136
Idina Menzel,14015
Nick Bockwinkel,796
Hawaii Five-0,6
Jason Momoa,9102
Charlie Hunnam,841.25
Sexual arousal,59
Bitcoin,29
Dissociative identity disorder,1069
Alexa Vega,1432
Guantanamo Bay detention camp,13
25 (Adele album),645.2307692
The Beach Boys,13.25
Prem Ratan Dhan Payo,3515.5
Braun Strowman,1182
Sigmund Freud,308
The Empire Strikes Back,834
Lalu Prasad Yadav,8557.75
The Incredible True Story,70.75
"Balochistan, Pakistan",823.5
Vacation (2015 film),143
Hinduism by country,802.5
Gluten,69
Horus,439.875
List of National Basketball Association longest winning streaks,367
Bobby Jindal,2846.5
1990 airlift of Indians from Kuwait,1
Hassan Whiteside,663.5
Mike Tyson,757
Amy Schumer,19501
Osiris,53
Helen of Troy,305
Menstrual cycle,38
Panama Canal,6214.333333
Jonathan Walters,76.83333333
Salah Abdeslam,2000.5
2001: A Space Odyssey (film),993
Always Accountable,11.5
Rob Ryan,1525.5
Jeff Buckley,89
Gods of Egypt (film),1386.714286
Spotify,32
Olly Murs,2494
Analeigh Tipton,55
Petroleum,126
Republic of Ireland national football team,2013
Call of Duty: Black Ops,1992.666667
Dabiq (magazine),1
Alexander the Great,126
List of James Bond films,627.75
Post Malone,1
Wilmer Valderrama,790
Skyfall,139.5
"Nashville, Tennessee",41
Belize,35675
Doctor Who (series 9),95
Gary Oldman,8032.666667
Nathan Fillion,213
Pennsylvania,135
Shiva,40.5
Raees (film),6085.5
Arjen Robben,332514
Sunny Leone,1901
Diego Sanchez,10450
UEFA Euro 2016,3312.727273
The Hateful Eight,1038
Just Cause 3,219
Overwatch (video game),36892
Barbados,2872
Madagascar,348
Jessie (TV series),186
2018 FIFA World Cup qualification (AFC),186
German Shepherd,657.5
Captain America: Civil War,229
Battle of Appomattox Court House,1306
Abu Omar al-Shishani,121.6
Nas,1371.5
April 2015 Nepal earthquake,131.5
Athena,21.66666667
Minecraft: Story Mode,9922.666667
English Wikipedia,574.6666667
Dracula,400.6666667
Unethical human experimentation in the United States,31
List of Downton Abbey episodes,6608.5
Salman Khan filmography,4430
Digangana Suryavanshi,116
Anita Rani,2
Asia-Pacific Economic Cooperation,65
Stanley Kubrick,37
Bing Crosby,20
Singh Is Bliing,11269.66667
Airlift (film),821.8333333
List of Prime Ministers of India,217074.5
Trinidad and Tobago,146
Megyn Kelly,29.75
Martin Garrix,18547
Savannah cat,374
Kobe beef,68
Calendar Girls (2015 film),32
Anubis,75
Rob Lowe,18
Tamannaah,5816
Steven Universe,12166.75
Joan of Arc,438.75
James Spader,11222.5
Lithuania,394
James II of England,166
Web scraping,2
Queen Rania of Jordan,270
Medal of Honor,3325
South Park (season 19),4817.5
Star Wars Episode I: The Phantom Menace,39.33333333
Welcome Back (film),516
Ethanol,4195
Huntington's disease,16575
Rey Mysterio,6902
Ferne McCann,4672.75
Vitiligo,560
Slovenia,14
Alphabet Inc.,32.5
Armaan Kohli,1751
Krishna,9802.333333
Maddie Ziegler,3
Biodiversity,1290
Order of the British Empire,118
The Twilight Saga (film series),1190.5
Transmission Control Protocol,11040
One-Punch Man,2259.5
Light-emitting diode,101.5714286
Nick Saban,3296.5
The Rolling Stones,2180.75
New Girl,8
Laverne Cox,361
Forrest Gump,10
Lorde,243.5714286
American Ultra,2119
Bangladesh,3716
Lily Collins,1927
Ajay Devgan,347.3333333
Luke Evans (actor),627
Martin Sheen,4
Austria,772.3333333
SS Edmund Fitzgerald,42
The Shawshank Redemption,1196
The Hunger Games: Catching Fire,5447.666667
Flags of the Confederate States of America,14836
Pocahontas,173
Netherlands,20.57142857
Rosario Dawson,9177
Donald Trump,33
12-hour clock,8690
Park Chung-hee,9.333333333
Katyar Kaljat Ghusali (film),4669.5
The Lord of the Rings (film series),117
Climatic Research Unit email controversy,510
The Player (2015 TV series),2463
Carl Sagan,26
Sint-Jans-Molenbeek,17
Breaking Bad,228.5
Sylvia Plath,985
Michael (archangel),1720
Taxonomy (biology),28
A Christmas Carol,14
Mark Ronson,10916
The Vampire Diaries (season 7),6480
Gross domestic product,62
Daniel Day-Lewis,169
G-20 major economies,16012.5
Bryson Tiller,96.25
Measles,51
Denise Richards,212.5
The Big Bang Theory (season 9),26331.66667
Noragami,2
Aishwarya Rai Bachchan,3220.75
Jessica Lange,6
DNA,135
Rocky,1315
Tejashwi Yadav,720
Houston Texans,607.6666667
One Piece,2527.75
3D printing,182
Airbus A320 family,2593
The Last Man on Earth (TV series),13758.5
Conor McGregor,1778.5
Florence Nightingale,7085
Malta,18
Amy Poehler,7692.333333
Aaron Burr,179
Blake Bortles,349
Chrisley Knows Best,125
Boko Haram,66
Guy Fieri,91
Central processing unit,3
Kishwar Merchant,182.25
AK-47,37
Catherine the Great,4432
Finding Nemo,1370
Anthony McPartlin,1393.333333
Lisa Marie Presley,62805
Mikhail Gorbachev,62
Pirates of the Caribbean: Dead Men Tell No Tales,428
Melbourne,180
Def Leppard,485
Catholic Church,997
Hydrochloric acid,12.5
Carrie Underwood,26273
Michael Schumacher,1117
Louis Zamperini,23508.5
List of NBA champions,573
The Middle (TV series),31
RSVP (invitations),1
The New Colossus,64
Chennai,7817
Entrepreneurship,8432
Atlanta,55305
Freedom fries,2
Erykah Badu,16.5
Carson Palmer,381.125
Jersey,194.75
Jessica Jones,34.25
Hoverboard,436
Toy Story,13
Shruti Haasan,3366
Diego Maradona,564
Ranveer Singh,66.66666667
Nayantara,8517
Daredevil (TV series),3
Denial-of-service attack,1514.333333
Dove Cameron,950.3846154
Slovakia,355.125
Big Hero 6 (film),6691.666667
2018 FIFA World Cup qualification (CONMEBOL),533.75
Uber (company),5
Military intervention against ISIL,9223.5
Robert F. Kennedy,191
Adventure Time (season 7),2
Mr. Bean,74
Muhammad,854.4
Baker Mayfield,919
Led Zeppelin,1532
Ankit Tiwari,90
The X Factor (UK series 12),179.5
MTV Splitsvilla,3
Gautam Gulati,1
Liechtenstein,2535
Golden Gate Bridge,125
Bharatiya Janata Party,1473
"Bihar Legislative Assembly election, 2015",2798
Apollo 13,37540
Rebel Heart Tour,380
Python (programming language),97
Purple Man,1.5
2015 in film,2572
Shah Rukh Khan filmography,3528
Chris Evans (actor),66
UFC 193,126.75
Andrew Garfield,6
UFC 194,49
Rob Hall,2748
List of U.S. states by date of admission to the Union,1093.5
Bill Cosby,2322.333333
Survivor Series (2015),634
Persimmon,4
Metal Gear Solid V: The Phantom Pain,9141
Palak Muchhal,655
Kerry Washington,34
The Fast and the Furious,3957
George Soros,555.5
Two and a Half Men,1686
Guardians of the Galaxy (film),1851.5
Puneet Vashist,42686.6
List of tallest people,1011
Bernie Sanders,16303.5
James VI and I,237.3333333
Daniel Craig,11.25
Foo Fighters,3990.5
Iggy Azalea,206736
"List of terrorist incidents, 2015",8
Bataclan (theatre),580.8
Epilepsy,85491
Vandal Savage,42
Jonathan Pollard,4434
Gorillaz,311
Battle of Midway,6
Anne Hathaway,21.25
Dwayne Johnson,796
September 11 attacks,57
Jorgie Porter,7
Protestantism,1106.5
The Church of Jesus Christ of Latter-day Saints,478
Boeing 747,1428.333333
List of Girl Meets World episodes,414.5454545
Caliphate,236
John Edward Robinson,720
Wesley Snipes,3647
Joseph Goebbels,3487
Boeing B-52 Stratofortress,111
Kate Winslet,683
Sundar Pichai,214
Roger Federer,580
Shahid Kapoor,385
Josh Dallas,346.6
Cystic fibrosis,12348
Pansexuality,31.5
Dassault Rafale,350
Jonestown,2140
PID controller,2380
UEFA Euro 2016 qualifying play-offs,88
Badminton,10
Windows 10 Mobile,2973.333333
Tinder (app),49
Rio de Janeiro,687.5
One Flew Over the Cuckoo's Nest (film),336
Crimson Peak,2
Ra,749.2
Akhil (film),1912.666667
Ghana,4232.25
Matt Damon,84.5
Chris Eubank,217.3636364
Priyanka Chopra,17229.33333
Derek Carr (American football),75
Jodie Foster,8
David Walliams,1479.4
J. J. Watt,510.8571429
Helmut Schmidt,4
Donnie Wahlberg,3
Park Geun-hye,4342.111111
Body mass index,8
Dr. No (film),50015
Need for Speed (2015 video game),59
Bob Dylan,504
Madhuri Dixit,1008
Janet Jackson,134.6666667
Gun violence in the United States,22690.5
List of poker hands,161
John Dillinger,3405
Amelia Earhart,143886
Matthew McConaughey,22.66666667
Gautama Buddha,725.3333333
Dangal (film),7252.5
Macbeth,25.5
Mormons,132
Arctic Monkeys,475
Kenya,3235.666667
Marilyn Manson,141.75
Internet Movie Database,9
List of Keeping Up with the Kardashians episodes,1965
Ben Simmons,8787.5
List of The Simpsons episodes,45588
Federal Security Service,9
Super Bowl XLVI,69
Timothy McVeigh,1042
Religious views of Adolf Hitler,46.5
Spanish Civil War,556
Samsung,14
The Social Network,48327
Elle King,11969
Marco Rubio,867.5
Susannah Constantine,420
Maharashtra,5401
Schutzstaffel,3273
Taissa Farmiga,36102
Starwood Hotels and Resorts Worldwide,5598
List of Heisman Trophy winners,45
Hungary,6857
U.S. state,13455
Sania Mirza,2993
Jim Jones,1027
Human sexual activity,524.5
Salman Rushdie,1277
History of Islam,399
Tokyo Ghoul,4
Prison School,426
OSI model,184.5
Computer network,2415
Lindsay Lohan,2375
Hashtag,4
Homeland (TV series),147
Katie Derham,140
Sherlock (TV series),12
Entourage (film),96
Holly Holm,93
Eurovision Song Contest 2016,231
John Oliver (comedian),418.8
"Hillary Clinton presidential campaign, 2016",18151
Mastani,23474
Premam,2262.2
List of HTTP status codes,15533
List of Person of Interest episodes,1040
Julian Edelman,39
Electromagnetic radiation,4213
Ronaldo (film),1
Ansel Adams,6
Pierre-Emerick Aubameyang,4
Joe Rogan,931
Byzantine Empire,757.3333333
Venezuela,1056
Machine Gun Kelly (rapper),8597.333333
Rich Homie Quan,48
Home Alone,5054.333333
Limitless (TV series),354
Luke Skywalker,202.6666667
Tiger Shroff,1350
Impressionism,1933.6
Mixed martial arts,168
Susannah Mushatt Jones,362
Inside Out (2015 film),4042
European migrant crisis,364
The Man in the High Castle,17
Flag of France,799
Arizona Cardinals,11966
Antarctica,768
Al-Raqqah,437
"Prince Philip, Duke of Edinburgh",9
Paracetamol,21272
K (anime),2
Emoji,201.6
All-Russia Athletic Federation,69
Existentialism,3702
Kelly Clarkson,42
Ethiopia,89395
Standard RAID levels,220587
Sooraj Barjatya,2
Idris Elba,20
Ted Bundy,65
Interstellar (film),10576.66667
List of wars involving the United States,13
Golden State Warriors,305.5
Robert Redford,1718
List of The Leftovers episodes,35
Mujahideen,13141
Ultimate Fighting Championship,366.75
Eddie Guerrero,550.6
United States Senate,5928
I'm a Celebrity...Get Me Out of Here! (UK series 15),4560
Cinderella (2015 film),34555
Burt Reynolds,38
Caroline Flack,2445
Nicole Kidman,19
Dominican Republic,2486.8
George Shelley (singer),187
Black Dahlia,136
Shraddha Kapoor,16471
Karowe AK6,315
Dopamine,10.5
Education,303
Dawood Ibrahim,252
List of highest-grossing films,27
Ethnic group,58.5
Bryshere Y. Gray,3386.333333
Lucifer,933
The Brothers of Destruction,334
Naughty Ninjas,9033
Rick and Morty,23629.5
Nina Dobrev,3275
Roddy Piper,36307
Fascism,1038
Frozen (2013 film),281
Anirudh Ravichander,271
Return of the Jedi,261.3333333
Kurt Angle,29671.5
Pledge of Allegiance,3172
Dele Alli,750
Patti LaBelle,75
Christina Aguilera,12132
Argentina national football team,937
Sukhoi Su-35,387
T.I.,161
Rani Mukerji,51681
Emma Roberts,517.3333333
Louis XIV of France,29.28571429
LGBT,190
List of WWE World Heavyweight Champions,8099
Goodfellas,3487
Ewan McGregor,25516
Ben Affleck,15
Billy Joel,398
The Big Bang Theory,72.5
Salma Hayek,184
List of I'm a Celebrity...Get Me Out of Here! contestants (UK),2201
Clonazepam,13038
Adam Smith,35.5
Andy Murray,375
19 Kids and Counting,201
Escherichia coli,10
Audrey Hepburn,111.6666667
Kris Jenner,45
Focus (song),1557.5
Chris Martin,2725
Sport of athletics,28.5
List of Austin & Ally episodes,2932
Daisy Shah,10.5
Java (programming language),1801.666667
My Little Pony: Friendship Is Magic (season 5),288.3333333
Frank Sinatra,8155.5
Oakland Raiders,29602.5
Baahubali: The Conclusion,2385.75
Melissa Benoist,2274
List of songs considered the best,69.5
Viscosity,174
Need for Speed,946
Propylene glycol,1383
Coyote,9
List of countries and dependencies by population,1083
Hell in a Cell (2015),9645.75
Ramayana,1266
Saladin,11
Toyota,221
Barcelona,24.5
Made in Chelsea,24801.66667
Metrojet Flight 9268,567.25
Attack on Titan,7415.75
List of Rick and Morty episodes,158105
Agile software development,6
Bray Wyatt,182.3333333
Harry Styles,10154
Yazidis,40.5
Better Call Saul,201.5
Lassana Diarra,194
Pete Carroll,664
List of English monarchs,2859.333333
Quantum mechanics,125.5
Kellie Bright,3064
Chickenpox,111213.5
Paul McCartney,26306.5
Mark Cuban,7
Michael B. Jordan,94
Project management,3944
Kaley Cuoco,954
FC Bayern Munich,948.4
List of countries by life expectancy,62
Carmen Carrera,81
Straight Outta Compton (film),909
Jerry Rice,2220
Drake,453
Randy Savage,64
Nathan Kress,572.0909091
"Democratic Party presidential debates, 2016",134.5
Matthew Perry,1151
Kylie Jenner,2530
Kingsman: The Secret Service,27320
Eurofighter Typhoon,4103.5
London,41.33333333
Internment of Japanese Americans,90.5
Schengen Agreement,465
Sonam Kapoor,678
Ketamine,9
Lake Baikal,1787.5
Pablo Escobar,1154.833333
Mars,35267
Aman Verma,12954
Melania Trump,2795
Lisa Brennan-Jobs,404.5
The Terminator,1007
EBay,1530
East India Company,252
Paris attacks,1642
Operation Northwoods,3
Mobile phone,1285
John Wick,4390
The Good Dinosaur,968.2
Batman: Arkham Knight,7926.5
Puli (2015 film),29014
Assassination of John F. Kennedy,79798
History of India,151
Hyderabad,154.5
Andrew Lloyd Webber,1225.5
Pink (singer),593
WWE 2K16,19269
Steve Wozniak,1610.666667
List of states and territories of the United States,4438
Lobotomy,115
Are You the One?,1242
Patrick Dempsey,26804
Great Britain,391.4
Friday the 13th,43
Kajol,1306
Straw man,373
What Do You Mean?,2546.5
Santa Claus's reindeer,2018
Mad Max: Fury Road,1598.5
Rob Kardashian,112.5
Attention deficit hyperactivity disorder,59172
Ajith Kumar,20683
Kis Kisko Pyaar Karoon,8218.666667
Jimmy Fallon,44
Characters of StarCraft,41199
2 Broke Girls,19198.33333
Cam Newton,19.75
List of The Originals episodes,1980
Super Bowl 50,1996
Whitey Bulger,8
2018 FIFA World Cup qualification,690.25
George Orwell,2655.75
Vijay (actor),618.5625
Otto von Bismarck,64.5
Graphene,12
Tyrann Mathieu,62
USB,791
Fleur East,2
Cthulhu,3606
Teenage Mutant Ninja Turtles,16.33333333
Atlantis,45
Martin Shkreli,12892
Undertale,52
Blake Shelton,215
"Frederik, Crown Prince of Denmark",341
Tom and Jerry,220
List of Arrow episodes,1324
Ajith Kumar filmography,679
Uttar Pradesh,60.2
Mary I of England,187.5
Star Wars Battlefront (2015 video game),749.2307692
Eagles of Death Metal,415.8571429
Ayn Rand,5925
Salafi movement,527
London Spy,33
Amish,1056
Myanmar,716.5
Ozzy Osbourne,18.5
Alexandra Daddario,4
Anna Kendrick,454
True Detective (TV series),838
Neil deGrasse Tyson,109.5714286
Cameroon,3
Alessia Cara,31515
Amber Rose,1876
Jesse Hughes (musician),35484.5
Haylie Duff,29
Super Bowl XXXVIII,777
Benedict Cumberbatch,727
Back to the Future,4989.2
Natalie Portman,3254.75
Macau,8017
Supreme Court of the United States,12
Green Arrow,6474
List of Presidents of India,1609.4
The Goldbergs (TV series),171
Nitrogen,149.5
Bindi Irwin,23.5
I (film),528
Social media,5541.4
Hansika Motwani,264.5
Super Bowl,510.5
James Bond,3193
Carolina Reaper,19.8
Sulfur,62.5
Dilwale Dulhania Le Jayenge,5033.5
Chhath,7222.666667
Kirk Douglas,37
World population,83
Paul Bernardo,30005
List of programs broadcast by Cartoon Network,1602
Finland,158
Marie Antoinette,9
Charlie Sheen,602019
Planet,66.33333333
Jews,717.5
Communication,3314
Vatican City,121
Charles II of England,332.75
Agents of S.H.I.E.L.D. (season 3),234.75
Alec Baldwin,15
Google Search,2
Robert Whittaker (fighter),176
Star Wars: Battlefront,295.2
The Martian (film),39725
Istanbul,52112
Kate Hudson,621
"Chris Eubank, Jr.",40008
List of Fairy Tail episodes,6
Andrew Scott (actor),1397
List of countries by GDP (nominal) per capita,13440.5
Sodium bicarbonate,12226
Hazel Keech,260.3333333
Hewlett-Packard,433
Aung San Suu Kyi,2397
List of Marvel Cinematic Universe television series,10163
Adam Jones (American football),9
American Psycho (film),3363
Americas,21
Anthony Martial,2193.666667
Frank Beamer,173
Adidas,35.25
Carly Simon,33
Hamlet,13
Troy Aikman,38968
Overview of gun laws by nation,1069.5
Miguel Cotto,6
Constantine the Great,2146
Owen Wilson,6698.5
Supernatural (season 11),2
Gucci Mane,417.5
Once Upon a Time (TV series),1678.333333
Sleep paralysis,133
Lauryn Hill,14
November 2015 Paris attacks,174.2142857
JoJo (singer),29368.5
Israel,1804
CRISPR,61511
Fallout: New Vegas,81.66666667
Hemoglobin,347
Carbon dioxide,14
Dolph Ziggler,349.25
The Lord of the Rings,12.6
William Wallace,65.25
Nero,1363.4
Jazz,70
Islamic State of Iraq and the Levant,304.1875
Proxy server,3444
Machu Picchu,5233.5
Psoriasis,1746
Enya,2
Arijit Singh,1081
List of Bollywood films of 2016,5695
List of Adventure Time episodes,24.5
Hamburg,293
Boston Marathon bombing,1365.666667
Shivaji,6169
Miley Cyrus,40380
Real Madrid C.F.,307
Mother Teresa,117
Star Wars: The Force Awakens,1078.5
List of tallest buildings in the world,3830
Ten Commandments,11
Knights Templar,11103
Grant Gustin,7517.666667
Jihadism,1924.5
Nicholas II of Russia,286
Charlie Puth,874.6666667
Deaths in 2015,421
O. J. Simpson murder case,4336
Ford Mustang,2550
Skype,12
Luke Cage (TV series),844
Halle Berry,16108
Czech Republic,1592.5
Miles Teller,27
Saturday Night Live (season 41),730.5
Dzhokhar Tsarnaev,125
Reid Flair,401.75
2015 Tianjin explosions,3594
Catching Fire,5
Erosion,519
Castle Goring,34890
I'm a Celebrity...Get Me Out of Here!,1375.5
David Gilmour,9190.5
Ant & Dec,9
BMW,57.33333333
Acetone peroxide,5560
Frankenstein,414
Donald Glover,56.75
Edward VII,6
Kristin Chenoweth,348
Mao Zedong,76651
Matthew Broderick,1299.5
Carolina Panthers,313
Meryl Streep,589
Alfred Hitchcock,5356
Krampus,2353.692308
Grease (film),1483
United States,12728
Kamal Haasan,244.5
Hermaphrodite,596
Andrew Carnegie,379.5714286
Boston,2007.4
Nature,167.5
Palpatine,182.5
Allu Arjun,1355.5
H. P. Lovecraft,451
Copyright,23.2
Sword Art Online,44.33333333
Winona Ryder,6627
Hello (Adele song),1507
Vlad the Impaler,809.75
Islam in Japan,196
List of Greek and Latin roots in English,62599
Jared Padalecki,16.5
Silence (2016 film),6074
War on Terror,4001
Dell Curry,27
Shia LaBeouf,377.5
Xi Jinping,2316.25
Rockbitch,2
Language,3
Houston,130.3333333
Paul Scholes,17801
Star Wars Episode II: Attack of the Clones,49352
SpaceX,77
21 (Adele album),17726.33333
World Bank,5
2015 NFL season,4693
Jane Fonda,1201
Empire (2015 TV series),15184
J. Cole,7877
Jem and the Holograms (film),4330
Sociology,22100
Stevie Nicks,1876
Goa,1237
List of state and union territory capitals in India,6555
Historical rankings of Presidents of the United States,5192.5
"John Forbes Nash, Jr.",42
American Revolutionary War,124
List of national capitals in alphabetical order,907
Charlotte (wrestler),686.5
Iceland,1183
Salafi jihadism,47
DMX (rapper),87.33333333
Constantinople,4
Cristiane Justino,10347.33333
Koobface,117
Young Jeezy,25
Oliver Cromwell,21
Federal Reserve System,28816.5
Jeff Gordon,3612.666667
Harry S. Truman,2395.666667
Google,4
Martin Scorsese,10097.5
Jennette McCurdy,10
Terry Crews,1916
Sikh,3304.5
I'm a Celebrity...Get Me Out of Here! (UK TV series),2267.166667
Adele discography,6244
Olivia Wilde,199
PlayStation 3,727
Steve Kerr,3110
Sodium chloride,827
Fun,61.66666667
Woody Allen,49093
Suez Canal,5
Palestine,2897.5
Madonna (entertainer),2873
World Health Organization,3754
UEFA Euro 2016 qualifying,2951
Balkans,961
Alan Sugar,237
Rebecca Ferguson (actress),1317
Boxing,859
Wladimir Klitschko,1151
Apartheid,229.5
Amar Akbar Anthony (2015 film),348.5
Monaco,21.33333333
Germany national football team,6208
Tupolev Tu-22M,10593
2004 Madrid train bombings,3
Android Marshmallow,274
Gavin Rossdale,4
Christopher Lloyd,221.5
Thanksgiving dinner,28
PHP,1092
Bajrangi Bhaijaan,20157
Katy Perry,12245.6
San Francisco,14435.66667
Jainism,306
Luke Cage,1278
John Belushi,1067
Ghayal Once Again,15863.33333
Bugatti Veyron,746.5
Battle of Waterloo,4271.333333
Sony,426.5
Michael Sheen,2495
H. H. Holmes,8103
List of American Horror Story characters,1368
The Divergent Series,480
List of Running Man episodes,1326
24-hour clock,5.5
Keeping Up with the Kardashians,334
Quran and violence,2
Girl Meets World,248
Nobel Prize,10154
Rush (band),1807
Toast sandwich,247
Louis Armstrong,91.66666667
The Curse of Oak Island,3417
Neil Young,12
Christ the Redeemer (statue),4952
Panama,16
Voltaire,237.2
Running Man (TV series),101
Gibraltar,12
"Mary, Queen of Scots",206.5
Drake (rapper),332.3846154
Anti-spam techniques,5939
Michael Douglas,281
Monosodium glutamate,30
Hadith,574
Deathstroke,358014
Jessica Jones (TV series),729.25
Samaira Rao,2165
2015 University of Missouri protests,958
British Raj,4985.4
Ramen,131
Middle Ages,65.66666667
Pauley Perrette,313
Queen (band),8553
Glaucoma,119
Denzel Washington,132
Shailene Woodley,7855
Cara Delevingne,658.4
Portugal,2810.5
Snapchat,8327.714286
Phantom (2015 film),102.5
Got7,13515.5
Sandra Bullock,849
Association football,909
X-Men: Apocalypse,227
Cary Grant,287
Sean Bean,9679.5
List of countries by number of military and paramilitary personnel,27103.5
Krysten Ritter,422.6666667
Curriculum vitae,4518.333333
Fallout 2,1530
Fallout 3,202
Fallout 4,3767
M (James Bond),44640
List of The Walking Dead (TV series) characters,3
Mile high club,2
Lockheed Martin F-22 Raptor,6444
International Men's Day,594.6666667
APEC Philippines 2015,369
Unmanned aerial vehicle,4
Aircraft carrier,6.5
Prussia,971
List of active United States military aircraft,4
Anna Nicole Smith,6
The Muppets (TV series),6619
Battle of the Alamo,61.71428571
List of Pretty Little Liars episodes,2823
Boys Don't Cry (film),15.66666667
Tomb Raider (2013 video game),652.3333333
Military activity of ISIL,292
Dirk Nowitzki,593
Names of large numbers,50
Betty White,2873
Black Knight satellite,829.3333333
Thor: The Dark World,8438
Guatemala,109.4
Vladimir Putin,5531
Internet,359
Flash (Barry Allen),59
John Boyega,9637
Vodafone,23
Tamil Nadu,9906.333333
Andrew Lincoln,1362.666667
Suicide Squad,5
Nokia,889
Raspberry Pi,3689
White phosphorus munitions,5
World Wide Web,991.6666667
David Beckham,22783
Into the Badlands (TV series),601
"United States presidential election, 2016",220.5555556
Yemen,24798
Joy Mangano,1
Blac Chyna,793
Albania,33
Famke Janssen,3634
Mickey Rooney,284
Danny DeVito,6
Macklemore,1966.25
Imagine Dragons,41
Jihadi John,59.33333333
Daft Punk,15148
Harry Potter,65.1
2008 Mumbai attacks,23
Kyrgyzstan,1139
Laos,8
Email,1354.333333
Transistor,1513
Victoria's Secret,34.5
Refugees of the Syrian Civil War,1874.25
Kendall Jenner,442
Luke Walton,97
Sleep No More (Doctor Who),1161.6
Cullinan Diamond,2
Agents of S.H.I.E.L.D.,153
George Takei,37389
Elon Musk,5563.142857
Spectre (2015 film),428.25
Economics,31408
Wes Welker,1638.333333
Dwight D. Eisenhower,9154.4
Suriya,1446
Rita Wilson,398
Family Guy,1081
Legends of Tomorrow,8766
Viola Davis,11305.5
Timothy Dalton,2767
Mick Jagger,4423.5
Tim Curry,10410
United States Navy SEALs,220
Georgia (U.S. state),155
Voynich manuscript,4869
Prince Narula,4028.5
Jesse Eisenberg,30437
Man of Steel (film),3826.5
List of original programs distributed by Netflix,473
Spain national football team,4742.4
Puerto Rico,24674.5
American football,12375.25
Lee Harvey Oswald,9578
Sacramento Kings,13313
Steel,122
Jonah Lomu,206.3333333
StarCraft II: Legacy of the Void,2
George Foreman,16690
List of dates predicted for apocalyptic events,752
List of countries by GDP (PPP),430
Slavery in the United States,5
Hotline Bling,254.6666667
Wolfgang Amadeus Mozart,7558
Jamie Vardy,265
Andy Samberg,13
Angus T. Jones,219.5
12 Years a Slave (film),17118.5
Miesha Tate,957.4
Wedding anniversary,49926
Big data,10
Len Wiseman,488
Lewis and Clark Expedition,14
Terrorism,572.8333333
Heat capacity,4203
Norman Reedus,191
List of Grimm episodes,18816
List of The Hunger Games characters,126
Information technology,672.6666667
Conway's Game of Life,15
Kevin McHale (basketball),106
Netflix,14.5
Refugee,256.3333333
Liv Tyler,466
Jesse Lingard,31
Copenhagen,42.5
Shah Rukh Khan,78744.33333
Xenoblade Chronicles X,62
Thanksgiving (United States),189.1818182
Tunisia,500
List of UFC champions,3
KGB,30
Seth Rogen,2397
Global Positioning System,14
Jim Harbaugh,136.5
Avicii,44
The Weeknd,2706.833333
French Armed Forces,494
Sister Wives,530
Natural disaster,785.3333333
Muhammad Ali,5980
G-Eazy,13
Jena Malone,7081
Dick Van Dyke,8
List of South Park episodes,23163.5
Eminem,138
Montreal,59552
Bigg Boss Kannada 3,5511.25
Charlie Hebdo shooting,847.2
Jurassic Park (film),28138
Mr. Show with Bob and David,5416
Ayahuasca,64
Dhanush,2124.666667
Sarah Hyland,241
Hanukkah,18458
Tottenham Hotspur F.C.,22605
Tyson Fury,186
String theory,144
Lucille Ball,46029
General Motors,18
Google Maps,1068
Samantha Ruth Prabhu,33
List of Pixar films,4975.6
Education in the United States,1435.5
Caligula,1109
Paganism,7
Seattle,14379
Abu Sayyaf,71.5
American Music Awards of 2015,1373.2
Electronic cigarette,1403.5
Lebanon,4224
Taarak Mehta Ka Ooltah Chashmah,447.25
Zoolander,10594
Maryland,157
Norway,537
Ryan Mallett,2.5
The Green Inferno (film),2
The Royals (TV series),1850
HTML,21
Waleed Aly,335.3333333
List of redheads,11073
Metallica,5720.333333
Air pollution,75
Cleopatra,597.4
Ziadie family,193
Black Standard,32
Dancing with the Stars (U.S. season 21),1353
Emily Blunt,17987
James Foley (journalist),3
Zarine Khan,1536.666667
Ed Sheeran,2448
Dan Bilzerian,904
Celia Cruz,13767
Pierce Brosnan,9
Justin Timberlake,396
Ukraine,296
J. B. Bickerstaff,7.5
United States Marine Corps,14
Fallout (video game),930
States and union territories of India,2153.333333
Denmark,12450.5
Seven deadly sins,23025
Rock Hudson,15
Finding Dory,980
Mr. Robot (TV series),478.6666667
Bob Ross,288
New Orleans Pelicans,22
Joe Pesci,16
2015 G-20 Antalya summit,132
Nevada,1686.333333
Kanika Kapoor,800.5
Gravity Falls,1439
Bill Maher,20.16666667
Miss Universe 2015,4329
Theory of relativity,304.75
Kerala,21115
Maldives,746.6666667
The Hunger Games (film),1878.5
Cleveland Browns,241
Vicky Pattison,253.625
Gustav Klimt,5
M4 carbine,233
Silk Road,912.5
Ronda Rousey,9.8
SPECTRE,95
Rebel Wilson,677
Gwyneth Paltrow,1597
Clint Eastwood,320
Karim Benzema,419
Aleister Crowley,39614.5
Wazir (film),671
One Direction,86
Marketing,142
5 Seconds of Summer,27385
Minnesota,149
Judi Dench,6399
Elvis Presley,739
Liberace,13.5
Grey's Anatomy,1526.666667
List of country calling codes,24342
2015,996.3333333
Achilles,92.66666667
Dubai,44.33333333
Terminator Genisys,1606
Concorde,7991
Saint Nicholas,144
Venus,11866
The Voice (U.S. season 9),2
Community (TV series),8434
Reham Khan,299
Malcolm Turnbull,624
Age of Enlightenment,271
Statistics,2266
Church in These Streets,16
HIV/AIDS,47658
Maggie Gyllenhaal,14093
Emily Deschanel,14
Black Lives Matter,322
Kane (wrestler),4444
Johnny Cash,941
List of Disney theatrical animated features,61299.66667
Pancake,791.8
Assassin's Creed Syndicate,14194.25
Random-access memory,2226.5
The Twelve Days of Christmas (song),13014.5
One World Trade Center,23278
Angola,41
Madrid,2125.5
"Myanmar general election, 2015",813.5
Gianluigi Buffon,164
List of Gravity Falls episodes,5493.4
Teen Titans Go! (TV series),1305.75
Mexico City,451.6666667
The Breakfast Club,2159
Akshay Kumar filmography,4342.666667
List of Awkward episodes,4
Teen Wolf (2011 TV series),4
Celebrity sex tape,108
Manuel Valls,2878
The Huntsman: Winter's War,842
Abdelhamid Abaaoud,763.2
Survivor (U.S. TV series),49
Christopher Lee,3619
Database,2
Member states of the United Nations,635
Levant,3
Trap music,44
Johnny Manziel,184.25
Dragon Ball Super,1653.333333
The Catcher in the Rye,1020
Suge Knight,2130.25
Steve Jobs (2015 film),1521
Kate Beckinsale,730
Furious 7,6046.857143
Amber Heard,2228
Mercedes-Benz,432
Truffle,21
Salford City F.C.,8766.666667
Lady Colin Campbell,33.06
Pangako Sa 'Yo (2015 TV series),1504.636364
Ben Stiller,226
Airbus A380,4318
Wayne Rooney,6325
Kareena Kapoor,5455.8
"Republican Party presidential candidates, 2016",544
Halo 5: Guardians,2030.25
2015 France attacks,11.5
Shawn Mendes,342
C++,6119
Maggie Smith,13
We Bare Bears,10558.33333
Detroit,120.3333333
Union J,4
Mammal,8
Scooby-Doo,1332.6
Jimi Hendrix,23532
Speed of light,72
BDSM,2963
Big Sean,440
Type A and Type B personality theory,3
Jesus in Islam,119
Paris,383.4375
Russell Crowe,2504.5
List of Arrow characters,113
Nick Grimshaw,331.5
List of best-selling music artists,30124
Cincinnati Bengals,3
Eric Dier,933.3333333
Louis XVI of France,11.66666667
The League,45487
Julianne Moore,2044
Stephen Gostkowski,2651
Chris Hemsworth,4537
Bree Olson,3
Hawkgirl,4
Bonnie and Clyde,1463
Daniel Bryan,132.5
House of Cards (U.S. TV series),14
Francisco Franco,121
French colonial empire,828
Richie McCaw,23
Jehovah's Witnesses,3516.75
Edward VI of England,187.75
2015 Paris attacks,7456
Sunni Islam,513.25
Los Angeles,6364.333333
Amazon.com,16
Oscar Wilde,11
PH,404
November 2015 Sinjar offensive,2711
Chris Pratt,160
NCIS (TV series),6499.333333
List of countries by oil production,4596
Roger Moore,178
United States presidential line of succession,25
Firefox,971
African crake,154.9166667
Zoom (comics),11710
Pretty Little Liars (TV series),7
Lauren Graham,3610
Ray Liotta,623
Christopher Reeve,108
Slipknot (band),619
Ross Taylor,2
Luxembourg,993
Sarah Michelle Gellar,4
Indira Gandhi,229
Fantastic Beasts and Where to Find Them (film),14
Hard disk drive,7151.333333
Abubakar Shekau,531.5
Haley Joel Osment,407
Economy of India,45910.66667
Mossad,389.6666667
LinkedIn,377
Nidal Hasan,77
Alawites,27743
Brandon Teena,5328.8
Halloween,71.4
Uzbekistan,55
Tamil language,342
Steve Harvey,17
Star Wars (film),14786.5
List of Naruto: Shippuden episodes,12
Chess,24826.5
Caroline Kennedy,1655
Walmart,20
7 July 2005 London bombings,47
Rajinikanth,161.6
Hailee Steinfeld,7348.666667
Seal (musician),8011
Alan Turing,5773.8
Anonymous (group),40
Gunpowder Plot,23
Mitosis,824.3333333
Rebecca Hall,2206
Foreign involvement in the Syrian Civil War,299
United States House of Representatives,6
Kevin Gates,21.5
Tesla Motors,165
PK (film),2365
Operating system,236.25
Zinedine Zidane,4
Linkin Park,2012
Victorian era,154.5
John O. Brennan,28.6
Ryan Reynolds,1406
One-child policy,2002.4
Prince Harry,73
Stone Cold Steve Austin,3230
Arab Spring,48829
Size Zero (film),2613
Socialism,15
Emirates (airline),127.5
Ben Carson,4
Washington (state),392
List of capitals in the United States,384
Domain Name System,4492
Fibonacci number,602.25
Battle of Thermopylae,738
Islamic state,3052
Watchmen (film),10
Magnetic resonance imaging,235
Bahrain,1294
New York Giants,334.6666667
Protestant Reformation,119
Jordan,5.5
Hilary Swank,4
Star Wars sequel trilogy,6133.666667
Starbucks,964
The Maze Runner (series),43
Logic (rapper),3198
Tyrone Garland,67.57894737
Rachel McAdams,24
Martin O'Malley,5
Alexander Hamilton,447.875
Special Air Service,972
Ancient Egypt,13
Silicon Valley,9.5
Axis powers,71
Ric Flair,27
Irish Republican Army,283
John Cena,1399
Jean-Jacques Rousseau,61
Azerbaijan,40.5
Zodiac Killer,3643
Fairy Tail,645.25
NATO phonetic alphabet,9787
Darren Randolph,406.75
List of highest mountains,5747
IKON (South Korean band),52
"Portland, Oregon",190
Quantico (TV series),3625.6
U2,249.5
Phencyclidine,5
Islamic terrorism,5300.666667
How I Met Your Mother,1813.333333
Bryce Dallas Howard,14298
Shia Islam,17
Eugenics,543
Lily Aldridge,248
Angkor Wat,2736
Walter O'Brien,2697.333333
The 100 (TV series),12438
Andre Drummond,46006.5
Algorithm,12933.66667
Murder of James Bulger,31
Pornography,13360
Same-sex marriage,7
Fantastic Four (2015 film),6486.5
Lady Gaga,912
Windows 10,432
Migos,3
Transformers (film series),5381
South America,18
Christine Taylor,753
Maroon 5,42
Alexis Bledel,518
Princess Leia,2349
Iran,1895
Law & Order: Special Victims Unit,1884.4
Kieron Dyer,125.8571429
Wyatt Earp,27
National Front (France),782.3333333
Sorry (Justin Bieber song),4827
Ty Dolla Sign,140
Frank Abagnale,2821
Doctor Strange (film),377.25
Joseph Gordon-Levitt,5271.333333
Robert Kardashian,7889
Sarah Silverman,1919
Sandy Hook Elementary School shooting,221.5
Akkineni Nagarjuna,1961
Karisma Kapoor,584
Nitish Kumar,72
Arrow (TV series),4822
Andy Dalton,5127.6
Strictly Come Dancing,6225
Roman numerals,9
Justin Bieber discography,2588.25
Hymen,1695
Kevin Spacey,468
Shahada,662
Children's Day,15.5
Big Show,6
Spanish Inquisition,7477
Martin Luther,2592
Lisa Bonet,3190
Zooey Deschanel,4487
Oak Island,39
Ed Gein,8
Oriole (Homeland),20
FIFA World Rankings,722
Human sexuality,2003.5
ABBA,37
DJ Khaled,627.5
Gene Wilder,1467
E-commerce,1380
Asexuality,8
Saddam Hussein,370
The Man from U.N.C.L.E. (film),584.5
Russian military intervention in the Syrian Civil War,6329
Tamerlan Tsarnaev,31
Paper Towns,1045.25
Jamie Foxx,6
HTTP cookie,3510.5
Michigan,329
